workload,policy,trial,threads,total_ops,throughput_ops_per_sec,avg_latency_ns,p99_latency_ns
read_heavy,MutexPolicy,1,1,50000,16223231,70,625
read_heavy,SharedMutexPolicy,1,1,50000,16789555,63,417
read_heavy,SharedMutexPolicy,2,1,50000,24064979,41,291
read_heavy,MutexPolicy,2,1,50000,36174005,33,250
read_heavy,MutexPolicy,3,1,50000,37370380,35,250
read_heavy,SharedMutexPolicy,3,1,50000,22552572,44,291
read_heavy,SharedMutexPolicy,4,1,50000,25082559,40,250
read_heavy,MutexPolicy,4,1,50000,39012971,32,250
read_heavy,MutexPolicy,5,1,50000,32887531,37,291
read_heavy,SharedMutexPolicy,5,1,50000,25176753,44,291
read_heavy,MutexPolicy,1,2,100000,19555916,161,3417
read_heavy,SharedMutexPolicy,1,2,100000,10501352,293,7084
read_heavy,SharedMutexPolicy,2,2,100000,10140145,290,7250
read_heavy,MutexPolicy,2,2,100000,19142877,162,3500
read_heavy,MutexPolicy,3,2,100000,19992003,157,3208
read_heavy,SharedMutexPolicy,3,2,100000,10700145,274,6375
read_heavy,SharedMutexPolicy,4,2,100000,9277190,265,5667
read_heavy,MutexPolicy,4,2,100000,20628126,143,2583
read_heavy,MutexPolicy,5,2,100000,20945149,147,2792
read_heavy,SharedMutexPolicy,5,2,100000,10105517,273,5667
read_heavy,MutexPolicy,1,4,200000,12562583,448,7083
read_heavy,SharedMutexPolicy,1,4,200000,5384250,1109,24167
read_heavy,SharedMutexPolicy,2,4,200000,5323171,1080,25042
read_heavy,MutexPolicy,2,4,200000,11947163,471,7958
read_heavy,MutexPolicy,3,4,200000,12324630,480,8167
read_heavy,SharedMutexPolicy,3,4,200000,5360624,1110,24750
read_heavy,SharedMutexPolicy,4,4,200000,5322505,1047,23166
read_heavy,MutexPolicy,4,4,200000,12465136,473,7750
read_heavy,MutexPolicy,5,4,200000,12035746,479,8000
read_heavy,SharedMutexPolicy,5,4,200000,5656061,1037,22583
read_heavy,MutexPolicy,1,8,400000,7743833,1531,30625
read_heavy,SharedMutexPolicy,1,8,400000,2214907,5256,107292
read_heavy,SharedMutexPolicy,2,8,400000,2216601,5390,105834
read_heavy,MutexPolicy,2,8,400000,7315996,1795,37167
read_heavy,MutexPolicy,3,8,400000,7399585,1701,34875
read_heavy,SharedMutexPolicy,3,8,400000,2223523,5521,112416
read_heavy,SharedMutexPolicy,4,8,400000,2227037,5530,112084
read_heavy,MutexPolicy,4,8,400000,7637668,1712,35209
read_heavy,MutexPolicy,5,8,400000,7767122,1734,35708
read_heavy,SharedMutexPolicy,5,8,400000,2144451,5607,116000
balanced,MutexPolicy,1,1,50000,13493910,71,375
balanced,SharedMutexPolicy,1,1,50000,12053031,82,416
balanced,SharedMutexPolicy,2,1,50000,12038521,77,375
balanced,MutexPolicy,2,1,50000,13414114,72,375
balanced,MutexPolicy,3,1,50000,13782013,68,375
balanced,SharedMutexPolicy,3,1,50000,11750306,80,416
balanced,SharedMutexPolicy,4,1,50000,12397973,78,375
balanced,MutexPolicy,4,1,50000,13553044,69,375
balanced,MutexPolicy,5,1,50000,14055639,68,375
balanced,SharedMutexPolicy,5,1,50000,12022603,77,375
balanced,MutexPolicy,1,2,100000,6878801,336,6834
balanced,SharedMutexPolicy,1,2,100000,4888690,467,10292
balanced,SharedMutexPolicy,2,2,100000,4965993,454,9583
balanced,MutexPolicy,2,2,100000,6988262,333,6625
balanced,MutexPolicy,3,2,100000,7240168,323,6458
balanced,SharedMutexPolicy,3,2,100000,4906761,450,9625
balanced,SharedMutexPolicy,4,2,100000,4780819,471,10333
balanced,MutexPolicy,4,2,100000,7007708,336,6667
balanced,MutexPolicy,5,2,100000,7036100,332,6375
balanced,SharedMutexPolicy,5,2,100000,4932973,467,9958
balanced,MutexPolicy,1,4,200000,3978667,1285,23083
balanced,SharedMutexPolicy,1,4,200000,1936775,2467,41250
balanced,SharedMutexPolicy,2,4,200000,2010499,1993,40917
balanced,MutexPolicy,2,4,200000,3753947,1177,17959
balanced,MutexPolicy,3,4,200000,3870977,1191,18041
balanced,SharedMutexPolicy,3,4,200000,2452563,1923,41125
balanced,SharedMutexPolicy,4,4,200000,2495406,1886,40333
balanced,MutexPolicy,4,4,200000,3916615,1157,17292
balanced,MutexPolicy,5,4,200000,3946235,1167,18500
balanced,SharedMutexPolicy,5,4,200000,2512386,1825,39416
balanced,MutexPolicy,1,8,400000,2344369,3802,54958
balanced,SharedMutexPolicy,1,8,400000,1047716,9208,164667
balanced,SharedMutexPolicy,2,8,400000,1039916,8948,166458
balanced,MutexPolicy,2,8,400000,2401839,3752,55834
balanced,MutexPolicy,3,8,400000,2369977,4110,58541
balanced,SharedMutexPolicy,3,8,400000,1029274,6985,126542
balanced,SharedMutexPolicy,4,8,400000,1046475,9199,172250
balanced,MutexPolicy,4,8,400000,2300324,4010,57917
balanced,MutexPolicy,5,8,400000,2368646,4037,58209
balanced,SharedMutexPolicy,5,8,400000,1033989,8895,167041
write_heavy,MutexPolicy,1,1,50000,9520936,100,417
write_heavy,SharedMutexPolicy,1,1,50000,8961042,108,417
write_heavy,SharedMutexPolicy,2,1,50000,9057081,106,417
write_heavy,MutexPolicy,2,1,50000,9685856,99,417
write_heavy,MutexPolicy,3,1,50000,9737889,96,416
write_heavy,SharedMutexPolicy,3,1,50000,8861843,106,417
write_heavy,SharedMutexPolicy,4,1,50000,9081002,108,417
write_heavy,MutexPolicy,4,1,50000,9736229,100,417
write_heavy,MutexPolicy,5,1,50000,9749361,97,416
write_heavy,SharedMutexPolicy,5,1,50000,8902407,105,417
write_heavy,MutexPolicy,1,2,100000,4928789,447,8125
write_heavy,SharedMutexPolicy,1,2,100000,3810642,563,11625
write_heavy,SharedMutexPolicy,2,2,100000,3873448,558,11584
write_heavy,MutexPolicy,2,2,100000,4839978,453,8375
write_heavy,MutexPolicy,3,2,100000,4935732,449,8250
write_heavy,SharedMutexPolicy,3,2,100000,3840264,585,12458
write_heavy,SharedMutexPolicy,4,2,100000,3787227,552,11167
write_heavy,MutexPolicy,4,2,100000,5023674,441,8958
write_heavy,MutexPolicy,5,2,100000,5144440,433,8709
write_heavy,SharedMutexPolicy,5,2,100000,3670583,575,11959
write_heavy,MutexPolicy,1,4,200000,2526666,1775,26209
write_heavy,SharedMutexPolicy,1,4,200000,1837939,2361,44125
write_heavy,SharedMutexPolicy,2,4,200000,1905302,2379,44792
write_heavy,MutexPolicy,2,4,200000,2644832,1705,21166
write_heavy,MutexPolicy,3,4,200000,2647732,1655,21250
write_heavy,SharedMutexPolicy,3,4,200000,1914910,2366,44041
write_heavy,SharedMutexPolicy,4,4,200000,1924578,2414,46917
write_heavy,MutexPolicy,4,4,200000,2683735,1666,20917
write_heavy,MutexPolicy,5,4,200000,2468886,1612,16833
write_heavy,SharedMutexPolicy,5,4,200000,1946367,2224,39542
write_heavy,MutexPolicy,1,8,400000,1568001,6248,75417
write_heavy,SharedMutexPolicy,1,8,400000,834233,10241,163250
write_heavy,SharedMutexPolicy,2,8,400000,838714,10362,172666
write_heavy,MutexPolicy,2,8,400000,1574495,6566,76458
write_heavy,MutexPolicy,3,8,400000,1542076,5243,65625
write_heavy,SharedMutexPolicy,3,8,400000,930889,10470,174250
write_heavy,SharedMutexPolicy,4,8,400000,877639,10380,176583
write_heavy,MutexPolicy,4,8,400000,1441653,6258,74417
write_heavy,MutexPolicy,5,8,400000,1547556,5821,70041
write_heavy,SharedMutexPolicy,5,8,400000,849022,10261,166583
