workload,policy,n_trials,threads,total_ops,throughput_ops_per_sec,avg_latency_ns,p99_latency_ns
read_heavy,MutexPolicy,5,1,50000,36174005,35,250
read_heavy,SharedMutexPolicy,5,1,50000,24064979,44,291
read_heavy,MutexPolicy,5,2,100000,19992003,157,3208
read_heavy,SharedMutexPolicy,5,2,100000,10140145,274,6375
read_heavy,MutexPolicy,5,4,200000,12324630,473,7958
read_heavy,SharedMutexPolicy,5,4,200000,5360624,1080,24167
read_heavy,MutexPolicy,5,8,400000,7637668,1712,35209
read_heavy,SharedMutexPolicy,5,8,400000,2216601,5521,112084
balanced,MutexPolicy,5,1,50000,13553044,69,375
balanced,SharedMutexPolicy,5,1,50000,12038521,78,375
balanced,MutexPolicy,5,2,100000,7007708,333,6625
balanced,SharedMutexPolicy,5,2,100000,4906761,467,9958
balanced,MutexPolicy,5,4,200000,3916615,1177,18041
balanced,SharedMutexPolicy,5,4,200000,2452563,1923,40917
balanced,MutexPolicy,5,8,400000,2368646,4010,57917
balanced,SharedMutexPolicy,5,8,400000,1039916,8948,166458
write_heavy,MutexPolicy,5,1,50000,9736229,99,417
write_heavy,SharedMutexPolicy,5,1,50000,8961042,106,417
write_heavy,MutexPolicy,5,2,100000,4935732,447,8375
write_heavy,SharedMutexPolicy,5,2,100000,3810642,563,11625
write_heavy,MutexPolicy,5,4,200000,2644832,1666,21166
write_heavy,SharedMutexPolicy,5,4,200000,1914910,2366,44125
write_heavy,MutexPolicy,5,8,400000,1547556,6248,74417
write_heavy,SharedMutexPolicy,5,8,400000,849022,10362,172666
