mode,trial,n_symbols,threads,throughput_ops_per_sec,p50_latency_ns,p99_latency_ns
global,1,4,1,9221192,42,125
sharded,1,4,1,13827751,83,125
sharded,2,4,1,14019507,83,125
global,2,4,1,14845239,42,84
global,3,4,1,16022641,42,84
sharded,3,4,1,14251949,83,125
sharded,4,4,1,12936192,83,125
global,4,4,1,15620528,42,125
global,5,4,1,15856444,42,125
sharded,5,4,1,14366783,83,125
global,1,4,2,7787403,83,6625
sharded,1,4,2,7355442,208,3250
sharded,2,4,2,6959689,208,3542
global,2,4,2,7293391,83,6750
global,3,4,2,7484329,83,7041
sharded,3,4,2,6923569,208,3459
sharded,4,4,2,6914573,208,3500
global,4,4,2,7670892,83,6500
global,5,4,2,7736869,83,6750
sharded,5,4,2,6891165,208,3667
global,1,4,4,3953496,84,15209
sharded,1,4,4,5956879,208,8000
sharded,2,4,4,6238870,208,7875
global,2,4,4,4383857,125,15250
global,3,4,4,4249024,125,15875
sharded,3,4,4,5844001,167,9250
sharded,4,4,4,5924646,208,9250
global,4,4,4,4285905,125,15583
global,5,4,4,4224894,84,15833
sharded,5,4,4,5957707,208,9166
global,1,4,8,2724972,208,43042
sharded,1,4,8,2943134,209,35875
sharded,2,4,8,2834924,250,37834
global,2,4,8,2498316,166,40250
global,3,4,8,2675090,208,43750
sharded,3,4,8,3029889,209,36583
sharded,4,4,8,3062336,209,36083
global,4,4,8,2789910,167,43834
global,5,4,8,2764265,167,44542
sharded,5,4,8,3496990,209,36666
